{
  "status": "training",
  "start_time": "2025-12-14T20:53:21.888828",
  "current_step": 2450,
  "total_steps": 1636,
  "epoch": 1,
  "loss_history": [
    10.824006080627441,
    10.851638793945312,
    10.769936561584473,
    10.551424026489258,
    10.405158042907715,
    10.127065658569336,
    10.018880844116211,
    9.74862003326416,
    9.627857208251953,
    9.420411109924316,
    9.294631004333496,
    9.119414329528809,
    9.005919456481934,
    8.938952445983887,
    8.782938957214355,
    8.71607780456543,
    8.679342269897461,
    8.644076347351074,
    8.620340347290039,
    8.513423919677734,
    8.493857383728027,
    8.401557922363281,
    8.381097793579102,
    8.271560668945312,
    8.26223087310791,
    8.181059837341309,
    8.137689590454102,
    8.065378189086914,
    7.99420166015625,
    7.964105129241943,
    7.8511762619018555,
    7.7090582847595215,
    7.63873291015625,
    7.564487457275391,
    7.3827338218688965,
    7.156610012054443,
    7.086885452270508,
    6.9058990478515625,
    6.794925689697266,
    6.594376087188721,
    6.450815677642822,
    6.348992824554443,
    6.162461757659912,
    6.076164245605469,
    5.980152130126953,
    5.793564796447754,
    5.75982141494751,
    5.578188896179199,
    5.545893669128418,
    5.350485801696777,
    5.242536544799805,
    5.120519638061523,
    4.9569478034973145,
    4.912214279174805,
    4.845887184143066,
    4.680715560913086,
    4.606088638305664,
    4.34360933303833,
    4.3332624435424805,
    4.219153881072998,
    4.063394546508789,
    3.9720547199249268,
    3.8621182441711426,
    3.768839120864868,
    3.701486587524414,
    3.546046018600464,
    3.5355610847473145,
    3.3925652503967285,
    3.4314098358154297,
    3.2688183784484863,
    3.210423231124878,
    3.2134029865264893,
    3.250821590423584,
    3.0304696559906006,
    3.062553644180298,
    3.0437467098236084,
    2.9486243724823,
    2.911219835281372,
    2.897906541824341,
    2.775263786315918,
    2.781540632247925,
    2.8539395332336426,
    2.676903009414673,
    2.6859302520751953,
    2.6895592212677,
    2.6449697017669678,
    2.6111397743225098,
    2.547795534133911,
    2.6450352668762207,
    2.439246654510498,
    2.6132559776306152,
    2.6712658405303955,
    2.4583213329315186,
    2.486032247543335,
    2.453796148300171,
    2.427492141723633,
    2.3832736015319824,
    2.416316032409668,
    2.4336118698120117,
    2.3777639865875244,
    2.3051416873931885,
    2.383162021636963,
    2.2731082439422607,
    2.6388652324676514,
    2.224012613296509,
    2.1686205863952637,
    2.2204298973083496,
    2.1266627311706543,
    2.2490861415863037,
    2.1265933513641357,
    2.1139280796051025,
    2.1542842388153076,
    2.112424612045288,
    2.1145823001861572,
    2.034576892852783,
    2.120814800262451,
    1.9496873617172241,
    1.8936679363250732,
    2.0083749294281006,
    1.9672032594680786,
    1.9790210723876953,
    1.8808143138885498,
    1.9349017143249512,
    1.8984615802764893,
    1.9448421001434326,
    1.982536792755127,
    1.8669655323028564,
    1.854461669921875,
    1.8107261657714844,
    1.9318681955337524,
    1.8071168661117554,
    1.8333733081817627,
    2.079766035079956,
    1.7476506233215332,
    1.8000370264053345,
    1.8295836448669434,
    1.8001279830932617,
    2.086346387863159,
    1.7489150762557983,
    1.699233889579773,
    1.742334246635437,
    1.8584421873092651,
    1.7940585613250732,
    1.670701026916504,
    1.7607085704803467,
    1.6978864669799805,
    1.7593193054199219,
    1.883660078048706,
    1.7430400848388672,
    1.6914288997650146,
    1.770256757736206,
    1.6853857040405273,
    1.6697235107421875,
    1.6518017053604126,
    1.6483603715896606,
    1.6740020513534546,
    1.7977406978607178,
    1.619125247001648,
    1.5385563373565674,
    1.663145899772644,
    1.6440175771713257,
    1.513230800628662,
    1.6235905885696411,
    1.7133009433746338,
    1.6819685697555542,
    1.6686567068099976,
    1.6306265592575073,
    1.610608696937561,
    1.6253916025161743,
    1.5069931745529175,
    1.592508316040039,
    1.7040380239486694,
    1.8475863933563232,
    1.5093036890029907,
    1.550743579864502,
    1.5838462114334106,
    1.5730524063110352,
    1.764054536819458,
    1.7547128200531006,
    1.5017889738082886,
    1.6390697956085205,
    1.6860532760620117,
    1.582778811454773,
    1.5357166528701782,
    1.6341975927352905,
    1.5330790281295776,
    1.4909015893936157,
    1.6317185163497925,
    1.493751049041748,
    1.5334774255752563,
    1.6250401735305786,
    1.6778305768966675,
    1.5785592794418335,
    1.687366008758545,
    1.6103246212005615,
    1.6798427104949951,
    1.5671192407608032,
    1.764479398727417,
    1.5203596353530884,
    1.6195218563079834,
    1.5227917432785034,
    1.6246721744537354,
    1.54072904586792,
    1.5935686826705933,
    1.544518232345581,
    1.6478497982025146,
    1.5945355892181396,
    1.4613746404647827,
    1.5795377492904663,
    1.6754015684127808,
    1.5404804944992065,
    1.6317565441131592,
    1.5628080368041992,
    1.593218207359314,
    1.5394667387008667,
    1.6130167245864868,
    1.6235532760620117,
    1.5364630222320557,
    1.542349100112915,
    1.504769206047058,
    1.5059806108474731,
    1.5273606777191162,
    1.5712995529174805,
    1.617658019065857,
    1.460169792175293,
    1.5083829164505005,
    1.5773777961730957,
    1.5024389028549194,
    1.4883065223693848,
    1.492583990097046,
    1.5074437856674194,
    1.4801225662231445,
    1.5237432718276978,
    1.5481723546981812,
    1.6304739713668823,
    1.4743455648422241,
    1.4329802989959717,
    1.4247887134552002,
    1.5048409700393677,
    1.4821792840957642,
    1.5464134216308594,
    1.4350663423538208,
    1.3642752170562744,
    1.459910273551941,
    1.4387832880020142,
    1.4509016275405884
  ],